{"global_step": 9437184, "_timestamp": 1735369504.9558203, "performance/step_inference_rl_update_fps": 328759.625, "performance/step_inference_fps": 377503.84375, "performance/step_fps": 427586.625, "performance/rl_update_time": 0.025739431381225586, "performance/step_inference_time": 0.17360353469848633, "performance/step_time": 0.15326952934265137, "losses/a_loss": -0.0022955196909606457, "losses/c_loss": 0.02033013291656971, "losses/entropy": 4.765022277832031, "info/last_lr": 0.0003000000142492354, "info/lr_mul": 1.0, "info/e_clip": 0.20000000298023224, "info/kl": 0.011620137840509415, "info/epochs": 145.0, "losses/bounds_loss": 0.38058799505233765, "_runtime": 56, "_step": 195, "rewards/step": 3439.62548828125, "rewards/iter": 3439.62548828125, "rewards/time": 3439.62548828125, "shaped_rewards/step": 37.245872497558594, "shaped_rewards/iter": 37.245872497558594, "shaped_rewards/time": 37.245872497558594, "episode_lengths/step": 839.1708374023438, "episode_lengths/iter": 839.1708374023438, "episode_lengths/time": 839.1708374023438, "_wandb": {"runtime": 56}}