{"global_step": 327680, "_timestamp": 1735363013.1537304, "performance/step_inference_rl_update_fps": 76350.859375, "performance/step_inference_fps": 95243.4453125, "performance/step_fps": 97563.5546875, "performance/rl_update_time": 0.17026376724243164, "performance/step_inference_time": 0.6880893707275391, "performance/step_time": 0.6717262268066406, "losses/a_loss": -0.00701482780277729, "losses/c_loss": 0.41401761770248413, "losses/entropy": 12.65884017944336, "info/last_lr": 0.006666666828095913, "info/lr_mul": 1.0, "info/e_clip": 0.20000000298023224, "info/kl": 0.008792029693722725, "info/epochs": 6.0, "losses/bounds_loss": 1.6161749272214365e-08, "_runtime": 23, "_step": 5}