{"global_step": 1048576, "_timestamp": 1735369644.9431272, "performance/step_inference_rl_update_fps": 21795.224609375, "performance/step_inference_fps": 22611.76953125, "performance/step_fps": 22659.365234375, "performance/rl_update_time": 0.21716642379760742, "performance/step_inference_time": 5.796627044677734, "performance/step_time": 5.784451484680176, "losses/a_loss": -0.0008633062243461609, "losses/c_loss": 0.16745488345623016, "losses/entropy": 22.53179931640625, "info/last_lr": 0.003796875011175871, "info/lr_mul": 1.0, "info/e_clip": 0.20000000298023224, "info/kl": 0.018824566155672073, "info/epochs": 9.0, "consecutive_successes/frame": 0.0017381299985572696, "_runtime": 63, "_step": 44, "consecutive_successes/iter": 0.0017381299985572696, "consecutive_successes/time": 0.0017381299985572696, "losses/bounds_loss": 2.3074139789969195e-06, "rewards/step": -27.31136703491211, "rewards/iter": -27.31136703491211, "rewards/time": -27.31136703491211, "shaped_rewards/step": -0.2731136679649353, "shaped_rewards/iter": -0.2731136679649353, "shaped_rewards/time": -0.2731136679649353, "episode_lengths/step": 37.542659759521484, "episode_lengths/iter": 37.542659759521484, "episode_lengths/time": 31.656461715698242}