{"global_step": 4718592, "_timestamp": 1735360994.9506621, "performance/step_inference_rl_update_fps": 57486.58203125, "performance/step_inference_fps": 66881.359375, "performance/step_fps": 67792.078125, "performance/rl_update_time": 0.16013741493225098, "performance/step_inference_time": 0.9798843860626221, "performance/step_time": 0.9667205810546875, "losses/a_loss": -0.004653820767998695, "losses/c_loss": 0.04338189214468002, "losses/entropy": 13.34753131866455, "info/last_lr": 0.001316872425377369, "info/lr_mul": 1.0, "info/e_clip": 0.20000000298023224, "info/kl": 0.01990406960248947, "info/epochs": 73.0, "losses/bounds_loss": 0.07823331654071808, "_runtime": 91, "_step": 276, "rewards/step": 803.7350463867188, "rewards/iter": 803.7350463867188, "rewards/time": 803.7350463867188, "shaped_rewards/step": 80.37351989746094, "shaped_rewards/iter": 80.37351989746094, "shaped_rewards/time": 80.37351989746094, "episode_lengths/step": 448.7654113769531, "episode_lengths/iter": 448.7654113769531, "episode_lengths/time": 448.7654113769531, "_wandb": {"runtime": 92}}