{"global_step": 10420224, "_timestamp": 1740407519.11715, "performance/step_inference_rl_update_fps": 20958.8515625, "performance/step_inference_fps": 21157.859375, "performance/step_fps": 21316.078125, "performance/rl_update_time": 0.029410839080810547, "performance/step_inference_time": 3.097477674484253, "performance/step_time": 3.07448673248291, "losses/a_loss": -0.0030773028265684843, "losses/c_loss": 0.01916320249438286, "losses/entropy": 4.457311153411865, "info/last_lr": 0.00044999999227002263, "info/lr_mul": 1.0, "info/e_clip": 0.20000000298023224, "info/kl": 0.007142184302210808, "info/epochs": 160.0, "losses/bounds_loss": 0.41425609588623047, "_runtime": 52, "_step": 180, "rewards/step": 4010.319091796875, "rewards/iter": 4010.319091796875, "rewards/time": 4010.319091796875, "shaped_rewards/step": 43.66731262207031, "shaped_rewards/iter": 43.66731262207031, "shaped_rewards/time": 43.66731262207031, "episode_lengths/step": 921.2327270507812, "episode_lengths/iter": 921.2327270507812, "episode_lengths/time": 921.2327270507812, "_wandb": {"runtime": 49}}