{"global_step": 0, "_timestamp": 1735360183.1961308, "performance/step_inference_rl_update_fps": 13120.7255859375, "performance/step_inference_fps": 13214.9609375, "performance/step_fps": 14510.2197265625, "performance/rl_update_time": 0.03561758995056152, "performance/step_inference_time": 4.959227561950684, "performance/step_time": 4.51654052734375, "losses/a_loss": 0.005640481598675251, "losses/c_loss": 1.8042871952056885, "losses/entropy": 11.349308013916016, "info/last_lr": 0.0010125000262632966, "info/lr_mul": 1.0, "info/e_clip": 0.20000000298023224, "info/kl": 0.005088582634925842, "info/epochs": 1.0, "losses/bounds_loss": 0.0, "_runtime": 10, "_step": 0, "_wandb": {"runtime": 10}}