{"global_step": 131072, "_timestamp": 1735365280.806805, "performance/step_inference_rl_update_fps": 14354.3955078125, "performance/step_inference_fps": 14671.7421875, "performance/step_fps": 14688.140625, "performance/rl_update_time": 0.19750452041625977, "performance/step_inference_time": 8.933635711669922, "performance/step_time": 8.923662185668945, "losses/a_loss": -0.0031732225324958563, "losses/c_loss": 0.7065345644950867, "losses/entropy": 22.673526763916016, "info/last_lr": 0.0025312500074505806, "info/lr_mul": 1.0, "info/e_clip": 0.20000000298023224, "info/kl": 0.013234264217317104, "info/epochs": 2.0, "consecutive_successes/frame": 0.0015326234279200435, "_runtime": 25, "_step": 9, "consecutive_successes/iter": 0.0015326234279200435, "consecutive_successes/time": 0.0015326234279200435, "losses/bounds_loss": 0.0, "rewards/step": -12.033935546875, "rewards/iter": -12.033935546875, "rewards/time": -12.033935546875, "shaped_rewards/step": -0.12033936381340027, "shaped_rewards/iter": -0.12033936381340027, "shaped_rewards/time": -0.12033936381340027, "episode_lengths/step": 15.827272415161133, "episode_lengths/iter": 15.827272415161133, "episode_lengths/time": 8.0}