{"global_step": 184320, "_timestamp": 1735362796.5526457, "performance/step_inference_rl_update_fps": 4621.50732421875, "performance/step_inference_fps": 5686.4375, "performance/step_fps": 5917.90234375, "performance/rl_update_time": 0.6224267482757568, "performance/step_inference_time": 2.7011640071868896, "performance/step_time": 2.5955142974853516, "losses/a_loss": -0.01184319332242012, "losses/c_loss": 0.04967566579580307, "losses/entropy": 16.74677848815918, "info/last_lr": 9.999999747378752e-05, "info/lr_mul": 1.0, "info/e_clip": 0.20000000298023224, "info/kl": 0.001116324681788683, "info/epochs": 13.0, "successes/frame": 0.0, "_runtime": 306, "_step": 65, "successes/iter": 0.0, "successes/time": 0.0, "losses/bounds_loss": 1.2126596971029358e-07, "rewards/step": -124.42203521728516, "rewards/iter": -124.42203521728516, "rewards/time": -124.42203521728516, "shaped_rewards/step": -186.0037384033203, "shaped_rewards/iter": -186.0037384033203, "shaped_rewards/time": -186.0037384033203, "episode_lengths/step": 99.0, "episode_lengths/iter": 99.0, "episode_lengths/time": 99.0, "_wandb": {"runtime": 308}}