{"global_step": 589824, "_timestamp": 1742894445.546006, "performance/step_inference_rl_update_fps": 267141.21875, "performance/step_inference_fps": 301497.40625, "performance/step_fps": 333758.1875, "performance/rl_update_time": 0.027954816818237305, "performance/step_inference_time": 0.21736836433410645, "performance/step_time": 0.19635772705078125, "losses/a_loss": -0.0018806373700499535, "losses/c_loss": 0.6956376433372498, "losses/entropy": 16.278839111328125, "info/last_lr": 0.0034171876031905413, "info/lr_mul": 1.0, "info/e_clip": 0.20000000298023224, "info/kl": 0.00955184269696474, "info/epochs": 10.0, "losses/bounds_loss": 5.5719883675919846e-06, "_runtime": 14, "_step": 21, "rewards/step": -1.0304778814315796, "rewards/iter": -1.0304778814315796, "rewards/time": -1.0304778814315796, "shaped_rewards/step": -0.010304771363735199, "shaped_rewards/iter": -0.010304771363735199, "shaped_rewards/time": -0.010304771363735199, "episode_lengths/step": 148.7022247314453, "episode_lengths/iter": 148.7022247314453, "episode_lengths/time": 148.7022247314453, "_wandb": {"runtime": 15}}