{"global_step": 161024, "_timestamp": 1735361349.8076622, "losses/cval_loss": 0.006432442460209131, "info/cval_lr": 0.0004843064525630325, "performance/step_inference_rl_update_fps": 456.8124694824219, "performance/step_inference_fps": 670.47265625, "performance/step_fps": 689.6878051757812, "performance/rl_update_time": 0.17858457565307617, "performance/step_inference_time": 0.3818202018737793, "performance/step_time": 0.3711824417114258, "losses/a_loss": -0.027652114629745483, "losses/c_loss": 0.014315673150122166, "losses/entropy": 10.903435707092285, "info/last_lr": 0.0003000000142492354, "info/lr_mul": 1.0, "info/e_clip": 0.20000000298023224, "info/kl": 0.13943855464458466, "info/epochs": 629.0, "env/rewards/finger_movement_penalty/frame": -0.21964964270591736, "_runtime": 311, "_step": 4220, "env/rewards/finger_movement_penalty/iter": -0.21964964270591736, "env/rewards/finger_movement_penalty/time": -0.21964964270591736, "env/rewards/finger_reach_object_reward/frame": 0.2502279579639435, "env/rewards/finger_reach_object_reward/iter": 0.2502279579639435, "env/rewards/finger_reach_object_reward/time": 0.2502279579639435, "env/rewards/pose_reward/frame": 0.2502279579639435, "env/rewards/pose_reward/iter": 0.2502279579639435, "env/rewards/pose_reward/time": 0.2502279579639435, "env/rewards/reward/frame": 1.080733299255371, "env/rewards/reward/iter": 1.080733299255371, "env/rewards/reward/time": 1.080733299255371, "losses/bounds_loss": 27.367542266845703, "rewards/step": 457.1822509765625, "rewards/iter": 457.1822509765625, "rewards/time": 457.1822509765625, "shaped_rewards/step": 4.571822643280029, "shaped_rewards/iter": 4.571822643280029, "shaped_rewards/time": 4.571822643280029, "episode_lengths/step": 749.0, "episode_lengths/iter": 749.0, "episode_lengths/time": 749.0, "_wandb": {"runtime": 311}}