{"global_step": 32702464, "_timestamp": 1735357440.6221313, "performance/step_inference_rl_update_fps": 341206.375, "performance/step_inference_fps": 394957.6875, "performance/step_fps": 439709.6875, "performance/rl_update_time": 0.02613973617553711, "performance/step_inference_time": 0.16593170166015625, "performance/step_time": 0.14904379844665527, "losses/a_loss": -0.0030190888792276382, "losses/c_loss": 0.02084343135356903, "losses/entropy": -0.1967364400625229, "info/last_lr": 0.00013333333481568843, "info/lr_mul": 1.0, "info/e_clip": 0.20000000298023224, "info/kl": 0.008862694725394249, "info/epochs": 500.0, "losses/bounds_loss": 0.586044430732727, "_runtime": 164, "_step": 673, "rewards/step": 7367.01025390625, "rewards/iter": 7367.01025390625, "rewards/time": 7367.01025390625, "shaped_rewards/step": 79.66612243652344, "shaped_rewards/iter": 79.66612243652344, "shaped_rewards/time": 79.66612243652344, "episode_lengths/step": 902.8650512695312, "episode_lengths/iter": 902.8650512695312, "episode_lengths/time": 902.8650512695312, "_wandb": {"runtime": 163}}