{"global_step": 524288, "_timestamp": 1735365366.0309832, "performance/step_inference_rl_update_fps": 23181.3046875, "performance/step_inference_fps": 24032.662109375, "performance/step_fps": 24076.455078125, "performance/rl_update_time": 0.2003002166748047, "performance/step_inference_time": 5.453910827636719, "performance/step_time": 5.443990707397461, "losses/a_loss": 0.0004214508517179638, "losses/c_loss": 0.1965002864599228, "losses/entropy": 22.6752986907959, "info/last_lr": 0.001687500043772161, "info/lr_mul": 1.0, "info/e_clip": 0.20000000298023224, "info/kl": 0.026123100891709328, "info/epochs": 5.0, "consecutive_successes/frame": 0.001850966364145279, "_runtime": 40, "_step": 24, "consecutive_successes/iter": 0.001850966364145279, "consecutive_successes/time": 0.001850966364145279, "losses/bounds_loss": 0.0, "rewards/step": -17.56960105895996, "rewards/iter": -17.56960105895996, "rewards/time": -17.56960105895996, "shaped_rewards/step": -0.17569600045681, "shaped_rewards/iter": -0.17569600045681, "shaped_rewards/time": -0.17569600045681, "episode_lengths/step": 23.873626708984375, "episode_lengths/iter": 23.873626708984375, "episode_lengths/time": 21.26630401611328}